<?xml version="1.0" encoding="UTF-8"?>
<project-private xmlns="http://www.netbeans.org/ns/project-private/1">
    <editor-bookmarks xmlns="http://www.netbeans.org/ns/editor-bookmarks/2" lastBookmarkId="0"/>
    <open-files xmlns="http://www.netbeans.org/ns/projectui-open-files/2">
        <group>
            <file>file:/C:/Users/emlop/Desktop/BankManagement/src/Controller/CuentaBancariaController.java</file>
            <file>file:/C:/Users/emlop/Desktop/BankManagement/src/View/FrmNewAccount.java</file>
            <file>file:/C:/Users/emlop/Desktop/BankManagement/src/View/FrmCuentaBancaria.java</file>
            <file>file:/C:/Users/emlop/Desktop/BankManagement/src/Controller/ControllerUsuarios.java</file>
            <file>file:/C:/Users/emlop/Desktop/BankManagement/src/Model/CuentaBancariaModelo.java</file>
        </group>
    </open-files>
</project-private>
